Name,Address,Phone
Name1,Address1,Phone1
Name2,Address2,Phone2
Name3,Address3,Phone3
Name4,Address4,Phone4
Name5,Address5,Phone5
Name6,Address6,Phone6
Name7,Address7,Phone7
Name8,Address8,Phone8
Name9,Address9,Phone9
Name10,Address10,Phone10
Name11,Address11,Phone11
Name12,Address12,Phone12
Name13,Address13,Phone13
Name14,Address14,Phone14
Name15,Address15,Phone15
Name16,Address16,Phone16
Name17,Address17,Phone17
Name18,Address18,Phone18
Name19,Address19,Phone19
Name20,Address20,Phone20
Name21,Address21,Phone21
Name22,Address22,Phone22
Name23,Address23,Phone23
Name24,Address24,Phone24
Name25,Address25,Phone25
Name26,Address26,Phone26
Name27,Address27,Phone27
Name28,Address28,Phone28
Name29,Address29,Phone29
Name30,Address30,Phone30
Name31,Address31,Phone31
Name32,Address32,Phone32
Name33,Address33,Phone33
Name34,Address34,Phone34
Name35,Address35,Phone35
Name36,Address36,Phone36
Name37,Address37,Phone37
Name38,Address38,Phone38
Name39,Address39,Phone39
Name40,Address40,Phone40
Name41,Address41,Phone41
Name42,Address42,Phone42
Name43,Address43,Phone43
Name44,Address44,Phone44
Name45,Address45,Phone45
Name46,Address46,Phone46
Name47,Address47,Phone47
Name48,Address48,Phone48
Name49,Address49,Phone49
Name50,Address50,Phone50
Name51,Address51,Phone51
Name52,Address52,Phone52
Name53,Address53,Phone53
Name54,Address54,Phone54
Name55,Address55,Phone55
Name56,Address56,Phone56
Name57,Address57,Phone57
Name58,Address58,Phone58
Name59,Address59,Phone59
Name60,Address60,Phone60
Name61,Address61,Phone61
Name62,Address62,Phone62
Name63,Address63,Phone63
Name64,Address64,Phone64
Name65,Address65,Phone65
Name66,Address66,Phone66
Name67,Address67,Phone67
Name68,Address68,Phone68
Name69,Address69,Phone69
Name70,Address70,Phone70
Name71,Address71,Phone71
Name72,Address72,Phone72
Name73,Address73,Phone73
Name74,Address74,Phone74
Name75,Address75,Phone75
Name76,Address76,Phone76
Name77,Address77,Phone77
Name78,Address78,Phone78
Name79,Address79,Phone79
Name80,Address80,Phone80
Name81,Address81,Phone81
Name82,Address82,Phone82
Name83,Address83,Phone83
Name84,Address84,Phone84
Name85,Address85,Phone85
Name86,Address86,Phone86
Name87,Address87,Phone87
Name88,Address88,Phone88
Name89,Address89,Phone89
Name90,Address90,Phone90
Name91,Address91,Phone91
Name92,Address92,Phone92
Name93,Address93,Phone93
Name94,Address94,Phone94
Name95,Address95,Phone95
Name96,Address96,Phone96
Name97,Address97,Phone97
Name98,Address98,Phone98
Name99,Address99,Phone99
Name100,Address100,Phone100
Name101,Address101,Phone101
Name102,Address102,Phone102
Name103,Address103,Phone103
Name104,Address104,Phone104
Name105,Address105,Phone105
Name106,Address106,Phone106
Name107,Address107,Phone107
Name108,Address108,Phone108
Name109,Address109,Phone109
Name110,Address110,Phone110
Name111,Address111,Phone111
Name112,Address112,Phone112
Name113,Address113,Phone113
Name114,Address114,Phone114
Name115,Address115,Phone115
Name116,Address116,Phone116
Name117,Address117,Phone117
Name118,Address118,Phone118
Name119,Address119,Phone119
Name120,Address120,Phone120
Name121,Address121,Phone121
Name122,Address122,Phone122
Name123,Address123,Phone123
Name124,Address124,Phone124
Name125,Address125,Phone125
Name126,Address126,Phone126
Name127,Address127,Phone127
Name128,Address128,Phone128
Name129,Address129,Phone129
Name130,Address130,Phone130
Name131,Address131,Phone131
Name132,Address132,Phone132
Name133,Address133,Phone133
Name134,Address134,Phone134
Name135,Address135,Phone135
Name136,Address136,Phone136
Name137,Address137,Phone137
Name138,Address138,Phone138
Name139,Address139,Phone139
Name140,Address140,Phone140
Name141,Address141,Phone141
Name142,Address142,Phone142